[
  {
    "id": 1,
    "priority": 1,
    "action": {
      "type": "modifyHeaders",
      "responseHeaders": [
        {
          "header": "content-type",
          "operation": "set",
          "value": "text/html"
        },
        {
          "header": "content-disposition",
          "operation": "remove"
        }
      ]
    },
    "condition": {
      "urlFilter": "*.pdf",
      "resourceTypes": ["main_frame"]
    }
  },
  {
    "id": 2,
    "priority": 1,
    "action": {
      "type": "modifyHeaders",
      "responseHeaders": [
        {
          "header": "content-type",
          "operation": "set",
          "value": "text/html"
        },
        {
          "header": "content-disposition",
          "operation": "remove"
        }
      ]
    },
    "condition": {
      "urlFilter": "*.pdf?*",
      "resourceTypes": ["main_frame"]
    }
  }
]